{
  "routes": [
    {
      "method": "GET",
      "path": "/commissions",
      "handler": "commission.find",
      "config": {
        "policies": []
      }
    },
    {
      "method": "GET",
      "path": "/commissions/count",
      "handler": "commission.count",
      "config": {
        "policies": []
      }
    },
    {
      "method": "GET",
      "path": "/commissions/:id",
      "handler": "commission.findOne",
      "config": {
        "policies": []
      }
    },
    {
      "method": "POST",
      "path": "/commissions",
      "handler": "commission.create",
      "config": {
        "policies": []
      }
    },
    {
      "method": "PUT",
      "path": "/commissions/:id",
      "handler": "commission.update",
      "config": {
        "policies": []
      }
    },
    {
      "method": "DELETE",
      "path": "/commissions/:id",
      "handler": "commission.delete",
      "config": {
        "policies": []
      }
    }
  ]
}
