{
  "routes": [
    {
      "method": "GET",
      "path": "/addresses",
      "handler": "address.find",
      "config": {
        "policies": []
      }
    },
    {
      "method": "GET",
      "path": "/addresses/count",
      "handler": "address.count",
      "config": {
        "policies": []
      }
    },
    {
      "method": "GET",
      "path": "/addresses/:id",
      "handler": "address.findOne",
      "config": {
        "policies": []
      }
    },
    {
      "method": "POST",
      "path": "/addresses",
      "handler": "address.create",
      "config": {
        "policies": []
      }
    },
    {
      "method": "PUT",
      "path": "/addresses/:id",
      "handler": "address.update",
      "config": {
        "policies": []
      }
    },
    {
      "method": "DELETE",
      "path": "/addresses/:id",
      "handler": "address.delete",
      "config": {
        "policies": []
      }
    }
  ]
}
