{
  "routes": [
    {
      "method": "GET",
      "path": "/deleveiry-charges",
      "handler": "deleveiry-charges.find",
      "config": {
        "policies": []
      }
    },
    {
      "method": "GET",
      "path": "/deleveiry-charges/count",
      "handler": "deleveiry-charges.count",
      "config": {
        "policies": []
      }
    },
    {
      "method": "GET",
      "path": "/deleveiry-charges/:id",
      "handler": "deleveiry-charges.findOne",
      "config": {
        "policies": []
      }
    },
    {
      "method": "POST",
      "path": "/deleveiry-charges",
      "handler": "deleveiry-charges.create",
      "config": {
        "policies": []
      }
    },
    {
      "method": "PUT",
      "path": "/deleveiry-charges/:id",
      "handler": "deleveiry-charges.update",
      "config": {
        "policies": []
      }
    },
    {
      "method": "DELETE",
      "path": "/deleveiry-charges/:id",
      "handler": "deleveiry-charges.delete",
      "config": {
        "policies": []
      }
    }
  ]
}
