{
  "kind": "collectionType",
  "collectionName": "reviews",
  "info": {
    "name": "Reviews",
    "description": ""
  },
  "options": {
    "increments": true,
    "timestamps": true,
    "draftAndPublish": true
  },
  "attributes": {
    "customerReviews": {
      "type": "text"
    },
    "rating": {
      "type": "string"
    },
    "isActive": {
      "type": "boolean"
    },
    "vendorAnswer": {
      "type": "text"
    },
    "usersPermissionsUser": {
      "plugin": "users-permissions",
      "model": "user"
    },
    "store": {
      "via": "reviews",
      "model": "store"
    }
  }
}
