{
  "kind": "collectionType",
  "collectionName": "delivery_days",
  "info": {
    "name": "Delivery Days"
  },
  "options": {
    "increments": true,
    "timestamps": true,
    "draftAndPublish": true
  },
  "attributes": {
    "DaysName": {
      "type": "string"
    },
    "DaysId": {
      "type": "string"
    },
    "IsActive": {
      "type": "boolean"
    },
    "stores": {
      "via": "delivery_days",
      "collection": "store"
    },
    "product_categories": {
      "via": "delivery_days",
      "collection": "menu-category"
    },
    "promotions": {
      "via": "delivery_days",
      "collection": "promotions"
    }
  }
}
