{
  "routes": [
    {
      "method": "GET",
      "path": "/product-sizes",
      "handler": "product-size.find",
      "config": {
        "policies": []
      }
    },
    {
      "method": "GET",
      "path": "/product-sizes/count",
      "handler": "product-size.count",
      "config": {
        "policies": []
      }
    },
    {
      "method": "GET",
      "path": "/product-sizes/:id",
      "handler": "product-size.findOne",
      "config": {
        "policies": []
      }
    },
    {
      "method": "POST",
      "path": "/product-sizes",
      "handler": "product-size.create",
      "config": {
        "policies": []
      }
    },
    {
      "method": "PUT",
      "path": "/product-sizes/:id",
      "handler": "product-size.update",
      "config": {
        "policies": []
      }
    },
    {
      "method": "DELETE",
      "path": "/product-sizes/:id",
      "handler": "product-size.delete",
      "config": {
        "policies": []
      }
    }
  ]
}
