{
  "kind": "collectionType",
  "collectionName": "commissions",
  "info": {
    "name": "commission",
    "description": ""
  },
  "options": {
    "increments": true,
    "timestamps": true,
    "draftAndPublish": false
  },
  "pluginOptions": {},
  "attributes": {
    "name": {
      "type": "string"
    },
    "store": {
      "via": "commission",
      "model": "store"
    },
    "value": {
      "type": "float"
    },
    "type": {
      "type": "string"
    }
  }
}
