{
  "paths": {
    "/promotions": {
      "get": {
        "deprecated": false,
        "description": "Find all the promotions's records",
        "responses": {
          "200": {
            "description": "Retrieve promotions document(s)",
            "content": {
              "application/json": {
                "schema": {
                  "type": "array",
                  "items": {
                    "$ref": "#/components/schemas/Promotions"
                  }
                }
              }
            }
          },
          "403": {
            "description": "Forbidden",
            "content": {
              "application/json": {
                "schema": {
                  "$ref": "#/components/schemas/Error"
                }
              }
            }
          },
          "404": {
            "description": "Not found",
            "content": {
              "application/json": {
                "schema": {
                  "$ref": "#/components/schemas/Error"
                }
              }
            }
          },
          "default": {
            "description": "unexpected error",
            "content": {
              "application/json": {
                "schema": {
                  "$ref": "#/components/schemas/Error"
                }
              }
            }
          }
        },
        "summary": "",
        "tags": [
          "Promotions"
        ],
        "parameters": [
          {
            "name": "_limit",
            "in": "query",
            "required": false,
            "description": "Maximum number of results possible",
            "schema": {
              "type": "integer"
            },
            "deprecated": false
          },
          {
            "name": "_sort",
            "in": "query",
            "required": false,
            "description": "Sort according to a specific field.",
            "schema": {
              "type": "string"
            },
            "deprecated": false
          },
          {
            "name": "_start",
            "in": "query",
            "required": false,
            "description": "Skip a specific number of entries (especially useful for pagination)",
            "schema": {
              "type": "integer"
            },
            "deprecated": false
          },
          {
            "name": "=",
            "in": "query",
            "required": false,
            "description": "Get entries that matches exactly your input",
            "schema": {
              "type": "string"
            },
            "deprecated": false
          },
          {
            "name": "_ne",
            "in": "query",
            "required": false,
            "description": "Get records that are not equals to something",
            "schema": {
              "type": "string"
            },
            "deprecated": false
          },
          {
            "name": "_lt",
            "in": "query",
            "required": false,
            "description": "Get record that are lower than a value",
            "schema": {
              "type": "string"
            },
            "deprecated": false
          },
          {
            "name": "_lte",
            "in": "query",
            "required": false,
            "description": "Get records that are lower than or equal to a value",
            "schema": {
              "type": "string"
            },
            "deprecated": false
          },
          {
            "name": "_gt",
            "in": "query",
            "required": false,
            "description": "Get records that are greater than a value",
            "schema": {
              "type": "string"
            },
            "deprecated": false
          },
          {
            "name": "_gte",
            "in": "query",
            "required": false,
            "description": "Get records that are greater than  or equal a value",
            "schema": {
              "type": "string"
            },
            "deprecated": false
          },
          {
            "name": "_contains",
            "in": "query",
            "required": false,
            "description": "Get records that contains a value",
            "schema": {
              "type": "string"
            },
            "deprecated": false
          },
          {
            "name": "_containss",
            "in": "query",
            "required": false,
            "description": "Get records that contains (case sensitive) a value",
            "schema": {
              "type": "string"
            },
            "deprecated": false
          },
          {
            "name": "_in",
            "in": "query",
            "required": false,
            "description": "Get records that matches any value in the array of values",
            "schema": {
              "type": "array",
              "items": {
                "type": "string"
              }
            },
            "deprecated": false
          },
          {
            "name": "_nin",
            "in": "query",
            "required": false,
            "description": "Get records that doesn't match any value in the array of values",
            "schema": {
              "type": "array",
              "items": {
                "type": "string"
              }
            },
            "deprecated": false
          }
        ]
      },
      "post": {
        "deprecated": false,
        "description": "Create a new promotions record",
        "responses": {
          "200": {
            "description": "Retrieve promotions document(s)",
            "content": {
              "application/json": {
                "schema": {
                  "$ref": "#/components/schemas/Promotions"
                }
              }
            }
          },
          "403": {
            "description": "Forbidden",
            "content": {
              "application/json": {
                "schema": {
                  "$ref": "#/components/schemas/Error"
                }
              }
            }
          },
          "404": {
            "description": "Not found",
            "content": {
              "application/json": {
                "schema": {
                  "$ref": "#/components/schemas/Error"
                }
              }
            }
          },
          "default": {
            "description": "unexpected error",
            "content": {
              "application/json": {
                "schema": {
                  "$ref": "#/components/schemas/Error"
                }
              }
            }
          }
        },
        "summary": "",
        "tags": [
          "Promotions"
        ],
        "requestBody": {
          "description": "",
          "required": true,
          "content": {
            "application/json": {
              "schema": {
                "$ref": "#/components/schemas/NewPromotions"
              }
            }
          }
        }
      }
    },
    "/promotions/count": {
      "get": {
        "deprecated": false,
        "description": "Retrieve the numver of promotions documents",
        "responses": {
          "200": {
            "description": "Retrieve promotions document(s)",
            "content": {
              "application/json": {
                "schema": {
                  "properties": {
                    "count": {
                      "type": "integer"
                    }
                  }
                }
              }
            }
          },
          "403": {
            "description": "Forbidden",
            "content": {
              "application/json": {
                "schema": {
                  "$ref": "#/components/schemas/Error"
                }
              }
            }
          },
          "404": {
            "description": "Not found",
            "content": {
              "application/json": {
                "schema": {
                  "$ref": "#/components/schemas/Error"
                }
              }
            }
          },
          "default": {
            "description": "unexpected error",
            "content": {
              "application/json": {
                "schema": {
                  "$ref": "#/components/schemas/Error"
                }
              }
            }
          }
        },
        "summary": "",
        "tags": [
          "Promotions"
        ],
        "parameters": []
      }
    },
    "/promotions/{id}": {
      "get": {
        "deprecated": false,
        "description": "Find one promotions record",
        "responses": {
          "200": {
            "description": "Retrieve promotions document(s)",
            "content": {
              "application/json": {
                "schema": {
                  "$ref": "#/components/schemas/Promotions"
                }
              }
            }
          },
          "403": {
            "description": "Forbidden",
            "content": {
              "application/json": {
                "schema": {
                  "$ref": "#/components/schemas/Error"
                }
              }
            }
          },
          "404": {
            "description": "Not found",
            "content": {
              "application/json": {
                "schema": {
                  "$ref": "#/components/schemas/Error"
                }
              }
            }
          },
          "default": {
            "description": "unexpected error",
            "content": {
              "application/json": {
                "schema": {
                  "$ref": "#/components/schemas/Error"
                }
              }
            }
          }
        },
        "summary": "",
        "tags": [
          "Promotions"
        ],
        "parameters": [
          {
            "name": "id",
            "in": "path",
            "description": "",
            "deprecated": false,
            "required": true,
            "schema": {
              "type": "string"
            }
          }
        ]
      },
      "put": {
        "deprecated": false,
        "description": "Update a single promotions record",
        "responses": {
          "200": {
            "description": "Retrieve promotions document(s)",
            "content": {
              "application/json": {
                "schema": {
                  "$ref": "#/components/schemas/Promotions"
                }
              }
            }
          },
          "403": {
            "description": "Forbidden",
            "content": {
              "application/json": {
                "schema": {
                  "$ref": "#/components/schemas/Error"
                }
              }
            }
          },
          "404": {
            "description": "Not found",
            "content": {
              "application/json": {
                "schema": {
                  "$ref": "#/components/schemas/Error"
                }
              }
            }
          },
          "default": {
            "description": "unexpected error",
            "content": {
              "application/json": {
                "schema": {
                  "$ref": "#/components/schemas/Error"
                }
              }
            }
          }
        },
        "summary": "",
        "tags": [
          "Promotions"
        ],
        "requestBody": {
          "description": "",
          "required": true,
          "content": {
            "application/json": {
              "schema": {
                "$ref": "#/components/schemas/NewPromotions"
              }
            }
          }
        },
        "parameters": [
          {
            "name": "id",
            "in": "path",
            "description": "",
            "deprecated": false,
            "required": true,
            "schema": {
              "type": "string"
            }
          }
        ]
      },
      "delete": {
        "deprecated": false,
        "description": "Delete a single promotions record",
        "responses": {
          "200": {
            "description": "deletes a single promotions based on the ID supplied",
            "content": {
              "application/json": {
                "schema": {
                  "type": "integer",
                  "format": "int64"
                }
              }
            }
          },
          "403": {
            "description": "Forbidden",
            "content": {
              "application/json": {
                "schema": {
                  "$ref": "#/components/schemas/Error"
                }
              }
            }
          },
          "404": {
            "description": "Not found",
            "content": {
              "application/json": {
                "schema": {
                  "$ref": "#/components/schemas/Error"
                }
              }
            }
          },
          "default": {
            "description": "unexpected error",
            "content": {
              "application/json": {
                "schema": {
                  "$ref": "#/components/schemas/Error"
                }
              }
            }
          }
        },
        "summary": "",
        "tags": [
          "Promotions"
        ],
        "parameters": [
          {
            "name": "id",
            "in": "path",
            "description": "",
            "deprecated": false,
            "required": true,
            "schema": {
              "type": "string"
            }
          }
        ]
      }
    }
  },
  "components": {
    "schemas": {
      "Promotions": {
        "required": [
          "id"
        ],
        "properties": {
          "id": {
            "type": "string"
          },
          "name": {
            "type": "string"
          },
          "offerimage": {
            "required": [
              "id",
              "name",
              "hash",
              "mime",
              "size",
              "url",
              "provider"
            ],
            "properties": {
              "id": {
                "type": "string"
              },
              "name": {
                "type": "string"
              },
              "alternativeText": {
                "type": "string"
              },
              "caption": {
                "type": "string"
              },
              "width": {
                "type": "integer"
              },
              "height": {
                "type": "integer"
              },
              "formats": {
                "type": "object"
              },
              "hash": {
                "type": "string"
              },
              "ext": {
                "type": "string"
              },
              "mime": {
                "type": "string"
              },
              "size": {
                "type": "number"
              },
              "url": {
                "type": "string"
              },
              "previewUrl": {
                "type": "string"
              },
              "provider": {
                "type": "string"
              },
              "provider_metadata": {
                "type": "object"
              },
              "related": {
                "type": "string"
              },
              "created_by": {
                "type": "string"
              },
              "updated_by": {
                "type": "string"
              }
            }
          },
          "isActive": {
            "type": "boolean",
            "default": true
          },
          "stores": {
            "type": "array",
            "items": {
              "required": [
                "id"
              ],
              "properties": {
                "id": {
                  "type": "string"
                },
                "StoreName": {
                  "type": "string"
                },
                "users_permissions_user": {
                  "type": "string"
                },
                "delivers_area": {
                  "type": "array",
                  "items": {
                    "type": "string"
                  }
                },
                "preferred_categories": {
                  "type": "array",
                  "items": {
                    "type": "string"
                  }
                },
                "menu_categories": {
                  "type": "array",
                  "items": {
                    "type": "string"
                  }
                },
                "reviews": {
                  "type": "array",
                  "items": {
                    "type": "string"
                  }
                },
                "Image": {
                  "type": "string"
                },
                "products": {
                  "type": "array",
                  "items": {
                    "type": "string"
                  }
                },
                "deliver_types": {
                  "type": "array",
                  "items": {
                    "type": "string"
                  }
                },
                "orders": {
                  "type": "array",
                  "items": {
                    "type": "string"
                  }
                },
                "self_delivery": {
                  "type": "boolean"
                },
                "delivery_days": {
                  "type": "array",
                  "items": {
                    "type": "string"
                  }
                },
                "longitude": {
                  "type": "number"
                },
                "Latitude": {
                  "type": "number"
                },
                "Storeopen": {
                  "type": "string"
                },
                "StoreClose": {
                  "type": "string"
                },
                "promotions": {
                  "type": "array",
                  "items": {
                    "type": "string"
                  }
                },
                "allergen": {
                  "type": "string"
                },
                "promotion_types": {
                  "type": "array",
                  "items": {
                    "type": "string"
                  }
                },
                "product_properties": {
                  "type": "array",
                  "items": {
                    "type": "string"
                  }
                },
                "commission": {
                  "type": "string"
                },
                "delivery_distance": {
                  "type": "number"
                },
                "cooking_experience": {
                  "type": "string"
                },
                "published_at": {
                  "type": "string"
                },
                "created_by": {
                  "type": "string"
                },
                "updated_by": {
                  "type": "string"
                }
              }
            }
          },
          "delivery_days": {
            "type": "array",
            "items": {
              "required": [
                "id"
              ],
              "properties": {
                "id": {
                  "type": "string"
                },
                "DaysName": {
                  "type": "string"
                },
                "DaysId": {
                  "type": "string"
                },
                "IsActive": {
                  "type": "boolean"
                },
                "stores": {
                  "type": "array",
                  "items": {
                    "type": "string"
                  }
                },
                "product_categories": {
                  "type": "array",
                  "items": {
                    "type": "string"
                  }
                },
                "promotions": {
                  "type": "array",
                  "items": {
                    "type": "string"
                  }
                },
                "published_at": {
                  "type": "string"
                },
                "created_by": {
                  "type": "string"
                },
                "updated_by": {
                  "type": "string"
                }
              }
            }
          },
          "product_category": {
            "required": [
              "id"
            ],
            "properties": {
              "id": {
                "type": "string"
              },
              "Name": {
                "type": "string"
              },
              "IsActive": {
                "type": "boolean"
              },
              "stores": {
                "type": "array",
                "items": {
                  "type": "string"
                }
              },
              "products": {
                "type": "array",
                "items": {
                  "type": "string"
                }
              },
              "IsDisplayable": {
                "type": "boolean"
              },
              "Image": {
                "type": "string"
              },
              "delivery_days": {
                "type": "array",
                "items": {
                  "type": "string"
                }
              },
              "price": {
                "type": "number"
              },
              "pricey": {
                "type": "number"
              },
              "promotions": {
                "type": "array",
                "items": {
                  "type": "string"
                }
              },
              "published_at": {
                "type": "string"
              },
              "created_by": {
                "type": "string"
              },
              "updated_by": {
                "type": "string"
              }
            }
          },
          "promotion_types": {
            "type": "array",
            "items": {
              "required": [
                "id"
              ],
              "properties": {
                "id": {
                  "type": "string"
                },
                "name": {
                  "type": "string"
                },
                "isActive": {
                  "type": "boolean"
                },
                "store": {
                  "type": "string"
                },
                "published_at": {
                  "type": "string"
                },
                "created_by": {
                  "type": "string"
                },
                "updated_by": {
                  "type": "string"
                }
              }
            }
          },
          "packingings": {
            "type": "array",
            "items": {
              "required": [
                "id"
              ],
              "properties": {
                "id": {
                  "type": "string"
                },
                "name": {
                  "type": "string"
                },
                "isActive": {
                  "type": "boolean"
                },
                "published_at": {
                  "type": "string"
                },
                "created_by": {
                  "type": "string"
                },
                "updated_by": {
                  "type": "string"
                }
              }
            }
          },
          "product_properties": {
            "type": "array",
            "items": {
              "required": [
                "id"
              ],
              "properties": {
                "id": {
                  "type": "string"
                },
                "name": {
                  "type": "string"
                },
                "category": {
                  "type": "string"
                },
                "isActive": {
                  "type": "boolean"
                },
                "store": {
                  "type": "string"
                },
                "published_at": {
                  "type": "string"
                },
                "created_by": {
                  "type": "string"
                },
                "updated_by": {
                  "type": "string"
                }
              }
            }
          },
          "OfferImage": {
            "type": "array",
            "items": {
              "required": [
                "id",
                "name",
                "hash",
                "mime",
                "size",
                "url",
                "provider"
              ],
              "properties": {
                "id": {
                  "type": "string"
                },
                "name": {
                  "type": "string"
                },
                "alternativeText": {
                  "type": "string"
                },
                "caption": {
                  "type": "string"
                },
                "width": {
                  "type": "integer"
                },
                "height": {
                  "type": "integer"
                },
                "formats": {
                  "type": "object"
                },
                "hash": {
                  "type": "string"
                },
                "ext": {
                  "type": "string"
                },
                "mime": {
                  "type": "string"
                },
                "size": {
                  "type": "number"
                },
                "url": {
                  "type": "string"
                },
                "previewUrl": {
                  "type": "string"
                },
                "provider": {
                  "type": "string"
                },
                "provider_metadata": {
                  "type": "object"
                },
                "related": {
                  "type": "string"
                },
                "created_by": {
                  "type": "string"
                },
                "updated_by": {
                  "type": "string"
                }
              }
            }
          },
          "OfferVIdeo": {
            "type": "array",
            "items": {
              "required": [
                "id",
                "name",
                "hash",
                "mime",
                "size",
                "url",
                "provider"
              ],
              "properties": {
                "id": {
                  "type": "string"
                },
                "name": {
                  "type": "string"
                },
                "alternativeText": {
                  "type": "string"
                },
                "caption": {
                  "type": "string"
                },
                "width": {
                  "type": "integer"
                },
                "height": {
                  "type": "integer"
                },
                "formats": {
                  "type": "object"
                },
                "hash": {
                  "type": "string"
                },
                "ext": {
                  "type": "string"
                },
                "mime": {
                  "type": "string"
                },
                "size": {
                  "type": "number"
                },
                "url": {
                  "type": "string"
                },
                "previewUrl": {
                  "type": "string"
                },
                "provider": {
                  "type": "string"
                },
                "provider_metadata": {
                  "type": "object"
                },
                "related": {
                  "type": "string"
                },
                "created_by": {
                  "type": "string"
                },
                "updated_by": {
                  "type": "string"
                }
              }
            }
          },
          "description": {
            "type": "string"
          },
          "discount_type": {
            "type": "string"
          },
          "product_size_price": {
            "type": "array",
            "items": {
              "required": [
                "id"
              ],
              "properties": {
                "id": {
                  "type": "string"
                },
                "name": {
                  "type": "string"
                },
                "isActive": {
                  "type": "boolean"
                },
                "price": {
                  "type": "number"
                },
                "discount_type": {
                  "type": "string"
                },
                "discount": {
                  "type": "number"
                },
                "promotions": {
                  "type": "array",
                  "items": {
                    "type": "string"
                  }
                },
                "published_at": {
                  "type": "string"
                },
                "created_by": {
                  "type": "string"
                },
                "updated_by": {
                  "type": "string"
                }
              }
            }
          },
          "promotion_details": {
            "type": "array",
            "items": {
              "required": [
                "id"
              ],
              "properties": {
                "id": {
                  "type": "string"
                },
                "free_product": {
                  "type": "boolean"
                },
                "promotions": {
                  "type": "array",
                  "items": {
                    "type": "string"
                  }
                },
                "products": {
                  "type": "array",
                  "items": {
                    "type": "string"
                  }
                },
                "product_name": {
                  "type": "string"
                },
                "published_at": {
                  "type": "string"
                },
                "created_by": {
                  "type": "string"
                },
                "updated_by": {
                  "type": "string"
                }
              }
            }
          },
          "published_at": {
            "type": "string",
            "format": "date-time"
          }
        }
      },
      "NewPromotions": {
        "properties": {
          "name": {
            "type": "string"
          },
          "isActive": {
            "type": "boolean",
            "default": true
          },
          "stores": {
            "type": "array",
            "items": {
              "type": "string"
            }
          },
          "delivery_days": {
            "type": "array",
            "items": {
              "type": "string"
            }
          },
          "product_category": {
            "type": "string"
          },
          "promotion_types": {
            "type": "array",
            "items": {
              "type": "string"
            }
          },
          "packingings": {
            "type": "array",
            "items": {
              "type": "string"
            }
          },
          "product_properties": {
            "type": "array",
            "items": {
              "type": "string"
            }
          },
          "description": {
            "type": "string"
          },
          "discount_type": {
            "type": "string"
          },
          "product_size_price": {
            "type": "array",
            "items": {
              "type": "string"
            }
          },
          "promotion_details": {
            "type": "array",
            "items": {
              "type": "string"
            }
          },
          "published_at": {
            "type": "string",
            "format": "date-time"
          },
          "created_by": {
            "type": "string"
          },
          "updated_by": {
            "type": "string"
          }
        }
      }
    }
  },
  "tags": [
    {
      "name": "Promotions"
    }
  ]
}