{
  "kind": "collectionType",
  "collectionName": "productCategories",
  "info": {
    "name": "Product Category",
    "description": ""
  },
  "options": {
    "increments": true,
    "timestamps": true,
    "draftAndPublish": true
  },
  "pluginOptions": {},
  "attributes": {
    "Name": {
      "type": "string"
    },
    "IsActive": {
      "type": "boolean"
    },
    "stores": {
      "via": "menu_categories",
      "collection": "store"
    },
    "products": {
      "via": "productCategories",
      "collection": "product"
    },
    "IsDisplayable": {
      "type": "boolean",
      "default": false
    },
    "Image": {
      "model": "file",
      "via": "related",
      "allowedTypes": [
        "images"
      ],
      "plugin": "upload",
      "required": false,
      "pluginOptions": {}
    },
    "delivery_days": {
      "collection": "delivery-days",
      "via": "product_categories",
      "dominant": true
    },
    "price": {
      "type": "decimal"
    },
    "pricey": {
      "type": "decimal"
    },
    "promotions": {
      "via": "product_category",
      "collection": "promotions"
    }
  }
}
