{
  "routes": [
    {
      "method": "GET",
      "path": "/address-types",
      "handler": "address-type.find",
      "config": {
        "policies": []
      }
    },
    {
      "method": "GET",
      "path": "/address-types/count",
      "handler": "address-type.count",
      "config": {
        "policies": []
      }
    },
    {
      "method": "GET",
      "path": "/address-types/:id",
      "handler": "address-type.findOne",
      "config": {
        "policies": []
      }
    },
    {
      "method": "POST",
      "path": "/address-types",
      "handler": "address-type.create",
      "config": {
        "policies": []
      }
    },
    {
      "method": "PUT",
      "path": "/address-types/:id",
      "handler": "address-type.update",
      "config": {
        "policies": []
      }
    },
    {
      "method": "DELETE",
      "path": "/address-types/:id",
      "handler": "address-type.delete",
      "config": {
        "policies": []
      }
    }
  ]
}
