{
  "routes": [
    {
      "method": "GET",
      "path": "/cities",
      "handler": "city.find",
      "config": {
        "policies": []
      }
    },
    {
      "method": "GET",
      "path": "/cities/count",
      "handler": "city.count",
      "config": {
        "policies": []
      }
    },
    {
      "method": "GET",
      "path": "/cities/:id",
      "handler": "city.findOne",
      "config": {
        "policies": []
      }
    },
    {
      "method": "POST",
      "path": "/cities",
      "handler": "city.create",
      "config": {
        "policies": []
      }
    },
    {
      "method": "PUT",
      "path": "/cities/:id",
      "handler": "city.update",
      "config": {
        "policies": []
      }
    },
    {
      "method": "DELETE",
      "path": "/cities/:id",
      "handler": "city.delete",
      "config": {
        "policies": []
      }
    }
  ]
}
