{
  "routes": [
    {
      "method": "GET",
      "path": "/promotion-details",
      "handler": "promotion-detail.find",
      "config": {
        "policies": []
      }
    },
    {
      "method": "GET",
      "path": "/promotion-details/count",
      "handler": "promotion-detail.count",
      "config": {
        "policies": []
      }
    },
    {
      "method": "GET",
      "path": "/promotion-details/:id",
      "handler": "promotion-detail.findOne",
      "config": {
        "policies": []
      }
    },
    {
      "method": "POST",
      "path": "/promotion-details",
      "handler": "promotion-detail.create",
      "config": {
        "policies": []
      }
    },
    {
      "method": "PUT",
      "path": "/promotion-details/:id",
      "handler": "promotion-detail.update",
      "config": {
        "policies": []
      }
    },
    {
      "method": "DELETE",
      "path": "/promotion-details/:id",
      "handler": "promotion-detail.delete",
      "config": {
        "policies": []
      }
    }
  ]
}
