{
  "routes": [
    {
      "method": "GET",
      "path": "/delivers",
      "handler": "delivers.find",
      "config": {
        "policies": []
      }
    },
    {
      "method": "GET",
      "path": "/delivers/count",
      "handler": "delivers.count",
      "config": {
        "policies": []
      }
    },
    {
      "method": "GET",
      "path": "/delivers/:id",
      "handler": "delivers.findOne",
      "config": {
        "policies": []
      }
    },
    {
      "method": "POST",
      "path": "/delivers",
      "handler": "delivers.create",
      "config": {
        "policies": []
      }
    },
    {
      "method": "PUT",
      "path": "/delivers/:id",
      "handler": "delivers.update",
      "config": {
        "policies": []
      }
    },
    {
      "method": "DELETE",
      "path": "/delivers/:id",
      "handler": "delivers.delete",
      "config": {
        "policies": []
      }
    }
  ]
}
