{
  "routes": [
    {
      "method": "GET",
      "path": "/settings",
      "handler": "settings.find",
      "config": {
        "policies": []
      }
    },
    {
      "method": "GET",
      "path": "/settings/count",
      "handler": "settings.count",
      "config": {
        "policies": []
      }
    },
    {
      "method": "GET",
      "path": "/settings/:id",
      "handler": "settings.findOne",
      "config": {
        "policies": []
      }
    },
    {
      "method": "POST",
      "path": "/settings",
      "handler": "settings.create",
      "config": {
        "policies": []
      }
    },
    {
      "method": "PUT",
      "path": "/settings/:id",
      "handler": "settings.update",
      "config": {
        "policies": []
      }
    },
    {
      "method": "DELETE",
      "path": "/settings/:id",
      "handler": "settings.delete",
      "config": {
        "policies": []
      }
    }
  ]
}
