{
  "paths": {
    "/products": {
      "get": {
        "deprecated": false,
        "description": "",
        "responses": {
          "200": {
            "description": "response",
            "content": {
              "application/json": {
                "schema": {
                  "type": "array",
                  "items": {
                    "$ref": "#/components/schemas/Product"
                  }
                }
              }
            }
          },
          "403": {
            "description": "Forbidden",
            "content": {
              "application/json": {
                "schema": {
                  "$ref": "#/components/schemas/Error"
                }
              }
            }
          },
          "404": {
            "description": "Not found",
            "content": {
              "application/json": {
                "schema": {
                  "$ref": "#/components/schemas/Error"
                }
              }
            }
          },
          "default": {
            "description": "unexpected error",
            "content": {
              "application/json": {
                "schema": {
                  "$ref": "#/components/schemas/Error"
                }
              }
            }
          }
        },
        "summary": "",
        "tags": [
          "Product"
        ],
        "parameters": [
          {
            "name": "_limit",
            "in": "query",
            "required": false,
            "description": "Maximum number of results possible",
            "schema": {
              "type": "integer"
            },
            "deprecated": false
          },
          {
            "name": "_sort",
            "in": "query",
            "required": false,
            "description": "Sort according to a specific field.",
            "schema": {
              "type": "string"
            },
            "deprecated": false
          },
          {
            "name": "_start",
            "in": "query",
            "required": false,
            "description": "Skip a specific number of entries (especially useful for pagination)",
            "schema": {
              "type": "integer"
            },
            "deprecated": false
          },
          {
            "name": "=",
            "in": "query",
            "required": false,
            "description": "Get entries that matches exactly your input",
            "schema": {
              "type": "string"
            },
            "deprecated": false
          },
          {
            "name": "_ne",
            "in": "query",
            "required": false,
            "description": "Get records that are not equals to something",
            "schema": {
              "type": "string"
            },
            "deprecated": false
          },
          {
            "name": "_lt",
            "in": "query",
            "required": false,
            "description": "Get record that are lower than a value",
            "schema": {
              "type": "string"
            },
            "deprecated": false
          },
          {
            "name": "_lte",
            "in": "query",
            "required": false,
            "description": "Get records that are lower than or equal to a value",
            "schema": {
              "type": "string"
            },
            "deprecated": false
          },
          {
            "name": "_gt",
            "in": "query",
            "required": false,
            "description": "Get records that are greater than a value",
            "schema": {
              "type": "string"
            },
            "deprecated": false
          },
          {
            "name": "_gte",
            "in": "query",
            "required": false,
            "description": "Get records that are greater than  or equal a value",
            "schema": {
              "type": "string"
            },
            "deprecated": false
          },
          {
            "name": "_contains",
            "in": "query",
            "required": false,
            "description": "Get records that contains a value",
            "schema": {
              "type": "string"
            },
            "deprecated": false
          },
          {
            "name": "_containss",
            "in": "query",
            "required": false,
            "description": "Get records that contains (case sensitive) a value",
            "schema": {
              "type": "string"
            },
            "deprecated": false
          },
          {
            "name": "_in",
            "in": "query",
            "required": false,
            "description": "Get records that matches any value in the array of values",
            "schema": {
              "type": "array",
              "items": {
                "type": "string"
              }
            },
            "deprecated": false
          },
          {
            "name": "_nin",
            "in": "query",
            "required": false,
            "description": "Get records that doesn't match any value in the array of values",
            "schema": {
              "type": "array",
              "items": {
                "type": "string"
              }
            },
            "deprecated": false
          }
        ]
      },
      "post": {
        "deprecated": false,
        "description": "Create a new record",
        "responses": {
          "200": {
            "description": "response",
            "content": {
              "application/json": {
                "schema": {
                  "$ref": "#/components/schemas/Product"
                }
              }
            }
          },
          "403": {
            "description": "Forbidden",
            "content": {
              "application/json": {
                "schema": {
                  "$ref": "#/components/schemas/Error"
                }
              }
            }
          },
          "404": {
            "description": "Not found",
            "content": {
              "application/json": {
                "schema": {
                  "$ref": "#/components/schemas/Error"
                }
              }
            }
          },
          "default": {
            "description": "unexpected error",
            "content": {
              "application/json": {
                "schema": {
                  "$ref": "#/components/schemas/Error"
                }
              }
            }
          }
        },
        "summary": "",
        "tags": [
          "Product"
        ],
        "requestBody": {
          "description": "",
          "required": true,
          "content": {
            "application/json": {
              "schema": {
                "$ref": "#/components/schemas/NewProduct"
              }
            }
          }
        }
      }
    },
    "/products/count": {
      "get": {
        "deprecated": false,
        "description": "",
        "responses": {
          "200": {
            "description": "response",
            "content": {
              "application/json": {
                "schema": {
                  "properties": {
                    "count": {
                      "type": "integer"
                    }
                  }
                }
              }
            }
          },
          "403": {
            "description": "Forbidden",
            "content": {
              "application/json": {
                "schema": {
                  "$ref": "#/components/schemas/Error"
                }
              }
            }
          },
          "404": {
            "description": "Not found",
            "content": {
              "application/json": {
                "schema": {
                  "$ref": "#/components/schemas/Error"
                }
              }
            }
          },
          "default": {
            "description": "unexpected error",
            "content": {
              "application/json": {
                "schema": {
                  "$ref": "#/components/schemas/Error"
                }
              }
            }
          }
        },
        "summary": "",
        "tags": [
          "Product"
        ],
        "parameters": []
      }
    },
    "/products/{id}": {
      "get": {
        "deprecated": false,
        "description": "",
        "responses": {
          "200": {
            "description": "response",
            "content": {
              "application/json": {
                "schema": {
                  "$ref": "#/components/schemas/Product"
                }
              }
            }
          },
          "403": {
            "description": "Forbidden",
            "content": {
              "application/json": {
                "schema": {
                  "$ref": "#/components/schemas/Error"
                }
              }
            }
          },
          "404": {
            "description": "Not found",
            "content": {
              "application/json": {
                "schema": {
                  "$ref": "#/components/schemas/Error"
                }
              }
            }
          },
          "default": {
            "description": "unexpected error",
            "content": {
              "application/json": {
                "schema": {
                  "$ref": "#/components/schemas/Error"
                }
              }
            }
          }
        },
        "summary": "",
        "tags": [
          "Product"
        ],
        "parameters": [
          {
            "name": "id",
            "in": "path",
            "description": "",
            "deprecated": false,
            "required": true,
            "schema": {
              "type": "string"
            }
          }
        ]
      },
      "put": {
        "deprecated": false,
        "description": "Update a record",
        "responses": {
          "200": {
            "description": "response",
            "content": {
              "application/json": {
                "schema": {
                  "$ref": "#/components/schemas/Product"
                }
              }
            }
          },
          "403": {
            "description": "Forbidden",
            "content": {
              "application/json": {
                "schema": {
                  "$ref": "#/components/schemas/Error"
                }
              }
            }
          },
          "404": {
            "description": "Not found",
            "content": {
              "application/json": {
                "schema": {
                  "$ref": "#/components/schemas/Error"
                }
              }
            }
          },
          "default": {
            "description": "unexpected error",
            "content": {
              "application/json": {
                "schema": {
                  "$ref": "#/components/schemas/Error"
                }
              }
            }
          }
        },
        "summary": "",
        "tags": [
          "Product"
        ],
        "requestBody": {
          "description": "",
          "required": true,
          "content": {
            "application/json": {
              "schema": {
                "$ref": "#/components/schemas/NewProduct"
              }
            }
          }
        },
        "parameters": [
          {
            "name": "id",
            "in": "path",
            "description": "",
            "deprecated": false,
            "required": true,
            "schema": {
              "type": "string"
            }
          }
        ]
      },
      "delete": {
        "deprecated": false,
        "description": "Delete a record",
        "responses": {
          "200": {
            "description": "deletes a single record based on the ID supplied",
            "content": {
              "application/json": {
                "schema": {
                  "type": "integer",
                  "format": "int64"
                }
              }
            }
          },
          "403": {
            "description": "Forbidden",
            "content": {
              "application/json": {
                "schema": {
                  "$ref": "#/components/schemas/Error"
                }
              }
            }
          },
          "404": {
            "description": "Not found",
            "content": {
              "application/json": {
                "schema": {
                  "$ref": "#/components/schemas/Error"
                }
              }
            }
          },
          "default": {
            "description": "unexpected error",
            "content": {
              "application/json": {
                "schema": {
                  "$ref": "#/components/schemas/Error"
                }
              }
            }
          }
        },
        "summary": "",
        "tags": [
          "Product"
        ],
        "parameters": [
          {
            "name": "id",
            "in": "path",
            "description": "",
            "deprecated": false,
            "required": true,
            "schema": {
              "type": "string"
            }
          }
        ]
      }
    }
  },
  "components": {
    "schemas": {
      "Product": {
        "required": [
          "id",
          "Price"
        ],
        "properties": {
          "id": {
            "type": "string"
          },
          "productName": {
            "type": "string"
          },
          "stores": {
            "type": "array",
            "items": {
              "required": [
                "id"
              ],
              "properties": {
                "id": {
                  "type": "string"
                },
                "StoreName": {
                  "type": "string"
                },
                "users_permissions_user": {
                  "type": "string"
                },
                "delivers_area": {
                  "type": "array",
                  "items": {
                    "type": "string"
                  }
                },
                "preferred_categories": {
                  "type": "array",
                  "items": {
                    "type": "string"
                  }
                },
                "menu_categories": {
                  "type": "array",
                  "items": {
                    "type": "string"
                  }
                },
                "reviews": {
                  "type": "array",
                  "items": {
                    "type": "string"
                  }
                },
                "Image": {
                  "type": "string"
                },
                "products": {
                  "type": "array",
                  "items": {
                    "type": "string"
                  }
                },
                "deliver_types": {
                  "type": "array",
                  "items": {
                    "type": "string"
                  }
                },
                "orders": {
                  "type": "array",
                  "items": {
                    "type": "string"
                  }
                },
                "self_delivery": {
                  "type": "boolean"
                },
                "delivery_days": {
                  "type": "array",
                  "items": {
                    "type": "string"
                  }
                },
                "longitude": {
                  "type": "number"
                },
                "Latitude": {
                  "type": "number"
                },
                "Storeopen": {
                  "type": "string"
                },
                "StoreClose": {
                  "type": "string"
                },
                "promotions": {
                  "type": "array",
                  "items": {
                    "type": "string"
                  }
                },
                "allergen": {
                  "type": "string"
                },
                "promotion_types": {
                  "type": "array",
                  "items": {
                    "type": "string"
                  }
                },
                "product_properties": {
                  "type": "array",
                  "items": {
                    "type": "string"
                  }
                },
                "commission": {
                  "type": "string"
                },
                "delivery_distance": {
                  "type": "number"
                },
                "cooking_experience": {
                  "type": "string"
                },
                "published_at": {
                  "type": "string"
                },
                "created_by": {
                  "type": "string"
                },
                "updated_by": {
                  "type": "string"
                }
              }
            }
          },
          "description": {
            "type": "string"
          },
          "isActive": {
            "type": "boolean"
          },
          "productCategories": {
            "type": "array",
            "items": {
              "required": [
                "id"
              ],
              "properties": {
                "id": {
                  "type": "string"
                },
                "Name": {
                  "type": "string"
                },
                "IsActive": {
                  "type": "boolean"
                },
                "stores": {
                  "type": "array",
                  "items": {
                    "type": "string"
                  }
                },
                "products": {
                  "type": "array",
                  "items": {
                    "type": "string"
                  }
                },
                "IsDisplayable": {
                  "type": "boolean"
                },
                "Image": {
                  "type": "string"
                },
                "delivery_days": {
                  "type": "array",
                  "items": {
                    "type": "string"
                  }
                },
                "price": {
                  "type": "number"
                },
                "pricey": {
                  "type": "number"
                },
                "promotions": {
                  "type": "array",
                  "items": {
                    "type": "string"
                  }
                },
                "published_at": {
                  "type": "string"
                },
                "created_by": {
                  "type": "string"
                },
                "updated_by": {
                  "type": "string"
                }
              }
            }
          },
          "Price": {
            "type": "number"
          },
          "preferredCategories": {
            "type": "array",
            "items": {
              "required": [
                "id"
              ],
              "properties": {
                "id": {
                  "type": "string"
                },
                "Name": {
                  "type": "string"
                },
                "IsActive": {
                  "type": "boolean"
                },
                "store": {
                  "type": "string"
                },
                "products": {
                  "type": "array",
                  "items": {
                    "type": "string"
                  }
                },
                "published_at": {
                  "type": "string"
                },
                "created_by": {
                  "type": "string"
                },
                "updated_by": {
                  "type": "string"
                }
              }
            }
          },
          "createdDate": {
            "type": "string",
            "format": "date-time"
          },
          "createdBy": {
            "type": "string"
          },
          "orderDetail": {
            "required": [
              "id",
              "Amount"
            ],
            "properties": {
              "id": {
                "type": "string"
              },
              "isActive": {
                "type": "boolean"
              },
              "isOffer": {
                "type": "boolean"
              },
              "Amount": {
                "type": "string"
              },
              "orders": {
                "type": "array",
                "items": {
                  "type": "string"
                }
              },
              "products": {
                "type": "array",
                "items": {
                  "type": "string"
                }
              },
              "published_at": {
                "type": "string"
              },
              "created_by": {
                "type": "string"
              },
              "updated_by": {
                "type": "string"
              }
            }
          },
          "itemCode": {
            "type": "string"
          },
          "productProperty1": {
            "type": "array",
            "items": {
              "required": [
                "id"
              ],
              "properties": {
                "id": {
                  "type": "string"
                },
                "name": {
                  "type": "string"
                },
                "category": {
                  "type": "string"
                },
                "isActive": {
                  "type": "boolean"
                },
                "store": {
                  "type": "string"
                },
                "published_at": {
                  "type": "string"
                },
                "created_by": {
                  "type": "string"
                },
                "updated_by": {
                  "type": "string"
                }
              }
            }
          },
          "delivery_days": {
            "type": "array",
            "items": {
              "required": [
                "id"
              ],
              "properties": {
                "id": {
                  "type": "string"
                },
                "DaysName": {
                  "type": "string"
                },
                "DaysId": {
                  "type": "string"
                },
                "IsActive": {
                  "type": "boolean"
                },
                "stores": {
                  "type": "array",
                  "items": {
                    "type": "string"
                  }
                },
                "product_categories": {
                  "type": "array",
                  "items": {
                    "type": "string"
                  }
                },
                "promotions": {
                  "type": "array",
                  "items": {
                    "type": "string"
                  }
                },
                "published_at": {
                  "type": "string"
                },
                "created_by": {
                  "type": "string"
                },
                "updated_by": {
                  "type": "string"
                }
              }
            }
          },
          "ingredients": {
            "type": "string"
          },
          "allergen": {
            "type": "string"
          },
          "productimagee": {
            "required": [
              "id",
              "name",
              "hash",
              "mime",
              "size",
              "url",
              "provider"
            ],
            "properties": {
              "id": {
                "type": "string"
              },
              "name": {
                "type": "string"
              },
              "alternativeText": {
                "type": "string"
              },
              "caption": {
                "type": "string"
              },
              "width": {
                "type": "integer"
              },
              "height": {
                "type": "integer"
              },
              "formats": {
                "type": "object"
              },
              "hash": {
                "type": "string"
              },
              "ext": {
                "type": "string"
              },
              "mime": {
                "type": "string"
              },
              "size": {
                "type": "number"
              },
              "url": {
                "type": "string"
              },
              "previewUrl": {
                "type": "string"
              },
              "provider": {
                "type": "string"
              },
              "provider_metadata": {
                "type": "object"
              },
              "related": {
                "type": "string"
              },
              "created_by": {
                "type": "string"
              },
              "updated_by": {
                "type": "string"
              }
            }
          },
          "published_at": {
            "type": "string",
            "format": "date-time"
          }
        }
      },
      "NewProduct": {
        "required": [
          "Price"
        ],
        "properties": {
          "productName": {
            "type": "string"
          },
          "stores": {
            "type": "array",
            "items": {
              "type": "string"
            }
          },
          "description": {
            "type": "string"
          },
          "isActive": {
            "type": "boolean"
          },
          "productCategories": {
            "type": "array",
            "items": {
              "type": "string"
            }
          },
          "Price": {
            "type": "number"
          },
          "preferredCategories": {
            "type": "array",
            "items": {
              "type": "string"
            }
          },
          "createdDate": {
            "type": "string",
            "format": "date-time"
          },
          "createdBy": {
            "type": "string"
          },
          "orderDetail": {
            "type": "string"
          },
          "itemCode": {
            "type": "string"
          },
          "productProperty1": {
            "type": "array",
            "items": {
              "type": "string"
            }
          },
          "delivery_days": {
            "type": "array",
            "items": {
              "type": "string"
            }
          },
          "ingredients": {
            "type": "string"
          },
          "allergen": {
            "type": "string"
          },
          "published_at": {
            "type": "string",
            "format": "date-time"
          },
          "created_by": {
            "type": "string"
          },
          "updated_by": {
            "type": "string"
          }
        }
      }
    }
  },
  "tags": [
    {
      "name": "Product"
    }
  ]
}