{
  "routes": [
    {
      "method": "GET",
      "path": "/packingings",
      "handler": "packinging.find",
      "config": {
        "policies": []
      }
    },
    {
      "method": "GET",
      "path": "/packingings/count",
      "handler": "packinging.count",
      "config": {
        "policies": []
      }
    },
    {
      "method": "GET",
      "path": "/packingings/:id",
      "handler": "packinging.findOne",
      "config": {
        "policies": []
      }
    },
    {
      "method": "POST",
      "path": "/packingings",
      "handler": "packinging.create",
      "config": {
        "policies": []
      }
    },
    {
      "method": "PUT",
      "path": "/packingings/:id",
      "handler": "packinging.update",
      "config": {
        "policies": []
      }
    },
    {
      "method": "DELETE",
      "path": "/packingings/:id",
      "handler": "packinging.delete",
      "config": {
        "policies": []
      }
    }
  ]
}
