{
  "paths": {
    "/menu-categories": {
      "get": {
        "deprecated": false,
        "description": "",
        "responses": {
          "200": {
            "description": "response",
            "content": {
              "application/json": {
                "schema": {
                  "properties": {
                    "foo": {
                      "type": "string"
                    }
                  }
                }
              }
            }
          },
          "403": {
            "description": "Forbidden",
            "content": {
              "application/json": {
                "schema": {
                  "$ref": "#/components/schemas/Error"
                }
              }
            }
          },
          "404": {
            "description": "Not found",
            "content": {
              "application/json": {
                "schema": {
                  "$ref": "#/components/schemas/Error"
                }
              }
            }
          },
          "default": {
            "description": "unexpected error",
            "content": {
              "application/json": {
                "schema": {
                  "$ref": "#/components/schemas/Error"
                }
              }
            }
          }
        },
        "summary": "",
        "tags": [
          "Menu-category"
        ],
        "parameters": [
          {
            "name": "_limit",
            "in": "query",
            "required": false,
            "description": "Maximum number of results possible",
            "schema": {
              "type": "integer"
            },
            "deprecated": false
          },
          {
            "name": "_sort",
            "in": "query",
            "required": false,
            "description": "Sort according to a specific field.",
            "schema": {
              "type": "string"
            },
            "deprecated": false
          },
          {
            "name": "_start",
            "in": "query",
            "required": false,
            "description": "Skip a specific number of entries (especially useful for pagination)",
            "schema": {
              "type": "integer"
            },
            "deprecated": false
          },
          {
            "name": "=",
            "in": "query",
            "required": false,
            "description": "Get entries that matches exactly your input",
            "schema": {
              "type": "string"
            },
            "deprecated": false
          },
          {
            "name": "_ne",
            "in": "query",
            "required": false,
            "description": "Get records that are not equals to something",
            "schema": {
              "type": "string"
            },
            "deprecated": false
          },
          {
            "name": "_lt",
            "in": "query",
            "required": false,
            "description": "Get record that are lower than a value",
            "schema": {
              "type": "string"
            },
            "deprecated": false
          },
          {
            "name": "_lte",
            "in": "query",
            "required": false,
            "description": "Get records that are lower than or equal to a value",
            "schema": {
              "type": "string"
            },
            "deprecated": false
          },
          {
            "name": "_gt",
            "in": "query",
            "required": false,
            "description": "Get records that are greater than a value",
            "schema": {
              "type": "string"
            },
            "deprecated": false
          },
          {
            "name": "_gte",
            "in": "query",
            "required": false,
            "description": "Get records that are greater than  or equal a value",
            "schema": {
              "type": "string"
            },
            "deprecated": false
          },
          {
            "name": "_contains",
            "in": "query",
            "required": false,
            "description": "Get records that contains a value",
            "schema": {
              "type": "string"
            },
            "deprecated": false
          },
          {
            "name": "_containss",
            "in": "query",
            "required": false,
            "description": "Get records that contains (case sensitive) a value",
            "schema": {
              "type": "string"
            },
            "deprecated": false
          },
          {
            "name": "_in",
            "in": "query",
            "required": false,
            "description": "Get records that matches any value in the array of values",
            "schema": {
              "type": "array",
              "items": {
                "type": "string"
              }
            },
            "deprecated": false
          },
          {
            "name": "_nin",
            "in": "query",
            "required": false,
            "description": "Get records that doesn't match any value in the array of values",
            "schema": {
              "type": "array",
              "items": {
                "type": "string"
              }
            },
            "deprecated": false
          }
        ]
      },
      "post": {
        "deprecated": false,
        "description": "Create a new record",
        "responses": {
          "200": {
            "description": "response",
            "content": {
              "application/json": {
                "schema": {
                  "properties": {
                    "foo": {
                      "type": "string"
                    }
                  }
                }
              }
            }
          },
          "403": {
            "description": "Forbidden",
            "content": {
              "application/json": {
                "schema": {
                  "$ref": "#/components/schemas/Error"
                }
              }
            }
          },
          "404": {
            "description": "Not found",
            "content": {
              "application/json": {
                "schema": {
                  "$ref": "#/components/schemas/Error"
                }
              }
            }
          },
          "default": {
            "description": "unexpected error",
            "content": {
              "application/json": {
                "schema": {
                  "$ref": "#/components/schemas/Error"
                }
              }
            }
          }
        },
        "summary": "",
        "tags": [
          "Menu-category"
        ],
        "requestBody": {
          "description": "",
          "required": true,
          "content": {
            "application/json": {
              "schema": {
                "$ref": "#/components/schemas/NewMenu-category"
              }
            }
          }
        }
      }
    },
    "/menu-categories/count": {
      "get": {
        "deprecated": false,
        "description": "",
        "responses": {
          "200": {
            "description": "response",
            "content": {
              "application/json": {
                "schema": {
                  "properties": {
                    "foo": {
                      "type": "string"
                    }
                  }
                }
              }
            }
          },
          "403": {
            "description": "Forbidden",
            "content": {
              "application/json": {
                "schema": {
                  "$ref": "#/components/schemas/Error"
                }
              }
            }
          },
          "404": {
            "description": "Not found",
            "content": {
              "application/json": {
                "schema": {
                  "$ref": "#/components/schemas/Error"
                }
              }
            }
          },
          "default": {
            "description": "unexpected error",
            "content": {
              "application/json": {
                "schema": {
                  "$ref": "#/components/schemas/Error"
                }
              }
            }
          }
        },
        "summary": "",
        "tags": [
          "Menu-category"
        ],
        "parameters": []
      }
    },
    "/menu-categories/{id}": {
      "get": {
        "deprecated": false,
        "description": "",
        "responses": {
          "200": {
            "description": "response",
            "content": {
              "application/json": {
                "schema": {
                  "properties": {
                    "foo": {
                      "type": "string"
                    }
                  }
                }
              }
            }
          },
          "403": {
            "description": "Forbidden",
            "content": {
              "application/json": {
                "schema": {
                  "$ref": "#/components/schemas/Error"
                }
              }
            }
          },
          "404": {
            "description": "Not found",
            "content": {
              "application/json": {
                "schema": {
                  "$ref": "#/components/schemas/Error"
                }
              }
            }
          },
          "default": {
            "description": "unexpected error",
            "content": {
              "application/json": {
                "schema": {
                  "$ref": "#/components/schemas/Error"
                }
              }
            }
          }
        },
        "summary": "",
        "tags": [
          "Menu-category"
        ],
        "parameters": [
          {
            "name": "id",
            "in": "path",
            "description": "",
            "deprecated": false,
            "required": true,
            "schema": {
              "type": "string"
            }
          }
        ]
      },
      "put": {
        "deprecated": false,
        "description": "Update a record",
        "responses": {
          "200": {
            "description": "response",
            "content": {
              "application/json": {
                "schema": {
                  "properties": {
                    "foo": {
                      "type": "string"
                    }
                  }
                }
              }
            }
          },
          "403": {
            "description": "Forbidden",
            "content": {
              "application/json": {
                "schema": {
                  "$ref": "#/components/schemas/Error"
                }
              }
            }
          },
          "404": {
            "description": "Not found",
            "content": {
              "application/json": {
                "schema": {
                  "$ref": "#/components/schemas/Error"
                }
              }
            }
          },
          "default": {
            "description": "unexpected error",
            "content": {
              "application/json": {
                "schema": {
                  "$ref": "#/components/schemas/Error"
                }
              }
            }
          }
        },
        "summary": "",
        "tags": [
          "Menu-category"
        ],
        "requestBody": {
          "description": "",
          "required": true,
          "content": {
            "application/json": {
              "schema": {
                "$ref": "#/components/schemas/NewMenu-category"
              }
            }
          }
        },
        "parameters": [
          {
            "name": "id",
            "in": "path",
            "description": "",
            "deprecated": false,
            "required": true,
            "schema": {
              "type": "string"
            }
          }
        ]
      },
      "delete": {
        "deprecated": false,
        "description": "Delete a record",
        "responses": {
          "200": {
            "description": "deletes a single record based on the ID supplied",
            "content": {
              "application/json": {
                "schema": {
                  "type": "integer",
                  "format": "int64"
                }
              }
            }
          },
          "403": {
            "description": "Forbidden",
            "content": {
              "application/json": {
                "schema": {
                  "$ref": "#/components/schemas/Error"
                }
              }
            }
          },
          "404": {
            "description": "Not found",
            "content": {
              "application/json": {
                "schema": {
                  "$ref": "#/components/schemas/Error"
                }
              }
            }
          },
          "default": {
            "description": "unexpected error",
            "content": {
              "application/json": {
                "schema": {
                  "$ref": "#/components/schemas/Error"
                }
              }
            }
          }
        },
        "summary": "",
        "tags": [
          "Menu-category"
        ],
        "parameters": [
          {
            "name": "id",
            "in": "path",
            "description": "",
            "deprecated": false,
            "required": true,
            "schema": {
              "type": "string"
            }
          }
        ]
      }
    }
  },
  "components": {
    "schemas": {
      "Menu-category": {
        "required": [
          "id"
        ],
        "properties": {
          "id": {
            "type": "string"
          },
          "Name": {
            "type": "string"
          },
          "IsActive": {
            "type": "boolean"
          },
          "stores": {
            "type": "array",
            "items": {
              "required": [
                "id"
              ],
              "properties": {
                "id": {
                  "type": "string"
                },
                "StoreName": {
                  "type": "string"
                },
                "users_permissions_user": {
                  "type": "string"
                },
                "delivers_area": {
                  "type": "array",
                  "items": {
                    "type": "string"
                  }
                },
                "preferred_categories": {
                  "type": "array",
                  "items": {
                    "type": "string"
                  }
                },
                "menu_categories": {
                  "type": "array",
                  "items": {
                    "type": "string"
                  }
                },
                "reviews": {
                  "type": "array",
                  "items": {
                    "type": "string"
                  }
                },
                "Image": {
                  "type": "string"
                },
                "products": {
                  "type": "array",
                  "items": {
                    "type": "string"
                  }
                },
                "deliver_types": {
                  "type": "array",
                  "items": {
                    "type": "string"
                  }
                },
                "orders": {
                  "type": "array",
                  "items": {
                    "type": "string"
                  }
                },
                "self_delivery": {
                  "type": "boolean"
                },
                "delivery_days": {
                  "type": "array",
                  "items": {
                    "type": "string"
                  }
                },
                "longitude": {
                  "type": "number"
                },
                "Latitude": {
                  "type": "number"
                },
                "Storeopen": {
                  "type": "string"
                },
                "StoreClose": {
                  "type": "string"
                },
                "promotions": {
                  "type": "array",
                  "items": {
                    "type": "string"
                  }
                },
                "allergen": {
                  "type": "string"
                },
                "promotion_types": {
                  "type": "array",
                  "items": {
                    "type": "string"
                  }
                },
                "product_properties": {
                  "type": "array",
                  "items": {
                    "type": "string"
                  }
                },
                "commission": {
                  "type": "string"
                },
                "delivery_distance": {
                  "type": "number"
                },
                "cooking_experience": {
                  "type": "string"
                },
                "published_at": {
                  "type": "string"
                },
                "created_by": {
                  "type": "string"
                },
                "updated_by": {
                  "type": "string"
                }
              }
            }
          },
          "products": {
            "type": "array",
            "items": {
              "required": [
                "id",
                "Price"
              ],
              "properties": {
                "id": {
                  "type": "string"
                },
                "productName": {
                  "type": "string"
                },
                "stores": {
                  "type": "array",
                  "items": {
                    "type": "string"
                  }
                },
                "description": {
                  "type": "string"
                },
                "isActive": {
                  "type": "boolean"
                },
                "productCategories": {
                  "type": "array",
                  "items": {
                    "type": "string"
                  }
                },
                "Price": {
                  "type": "number"
                },
                "preferredCategories": {
                  "type": "array",
                  "items": {
                    "type": "string"
                  }
                },
                "createdDate": {
                  "type": "string"
                },
                "createdBy": {
                  "type": "string"
                },
                "orderDetail": {
                  "type": "string"
                },
                "itemCode": {
                  "type": "string"
                },
                "productProperty1": {
                  "type": "array",
                  "items": {
                    "type": "string"
                  }
                },
                "delivery_days": {
                  "type": "array",
                  "items": {
                    "type": "string"
                  }
                },
                "ingredients": {
                  "type": "string"
                },
                "allergen": {
                  "type": "string"
                },
                "productimagee": {
                  "type": "string"
                },
                "published_at": {
                  "type": "string"
                },
                "created_by": {
                  "type": "string"
                },
                "updated_by": {
                  "type": "string"
                }
              }
            }
          },
          "IsDisplayable": {
            "type": "boolean",
            "default": false
          },
          "Image": {
            "required": [
              "id",
              "name",
              "hash",
              "mime",
              "size",
              "url",
              "provider"
            ],
            "properties": {
              "id": {
                "type": "string"
              },
              "name": {
                "type": "string"
              },
              "alternativeText": {
                "type": "string"
              },
              "caption": {
                "type": "string"
              },
              "width": {
                "type": "integer"
              },
              "height": {
                "type": "integer"
              },
              "formats": {
                "type": "object"
              },
              "hash": {
                "type": "string"
              },
              "ext": {
                "type": "string"
              },
              "mime": {
                "type": "string"
              },
              "size": {
                "type": "number"
              },
              "url": {
                "type": "string"
              },
              "previewUrl": {
                "type": "string"
              },
              "provider": {
                "type": "string"
              },
              "provider_metadata": {
                "type": "object"
              },
              "related": {
                "type": "string"
              },
              "created_by": {
                "type": "string"
              },
              "updated_by": {
                "type": "string"
              }
            }
          },
          "delivery_days": {
            "type": "array",
            "items": {
              "required": [
                "id"
              ],
              "properties": {
                "id": {
                  "type": "string"
                },
                "DaysName": {
                  "type": "string"
                },
                "DaysId": {
                  "type": "string"
                },
                "IsActive": {
                  "type": "boolean"
                },
                "stores": {
                  "type": "array",
                  "items": {
                    "type": "string"
                  }
                },
                "product_categories": {
                  "type": "array",
                  "items": {
                    "type": "string"
                  }
                },
                "promotions": {
                  "type": "array",
                  "items": {
                    "type": "string"
                  }
                },
                "published_at": {
                  "type": "string"
                },
                "created_by": {
                  "type": "string"
                },
                "updated_by": {
                  "type": "string"
                }
              }
            }
          },
          "price": {
            "type": "number"
          },
          "pricey": {
            "type": "number"
          },
          "promotions": {
            "type": "array",
            "items": {
              "required": [
                "id"
              ],
              "properties": {
                "id": {
                  "type": "string"
                },
                "name": {
                  "type": "string"
                },
                "offerimage": {
                  "type": "string"
                },
                "isActive": {
                  "type": "boolean"
                },
                "stores": {
                  "type": "array",
                  "items": {
                    "type": "string"
                  }
                },
                "delivery_days": {
                  "type": "array",
                  "items": {
                    "type": "string"
                  }
                },
                "product_category": {
                  "type": "string"
                },
                "promotion_types": {
                  "type": "array",
                  "items": {
                    "type": "string"
                  }
                },
                "packingings": {
                  "type": "array",
                  "items": {
                    "type": "string"
                  }
                },
                "product_properties": {
                  "type": "array",
                  "items": {
                    "type": "string"
                  }
                },
                "OfferImage": {
                  "type": "array",
                  "items": {
                    "type": "string"
                  }
                },
                "OfferVIdeo": {
                  "type": "array",
                  "items": {
                    "type": "string"
                  }
                },
                "description": {
                  "type": "string"
                },
                "discount_type": {
                  "type": "string"
                },
                "product_size_price": {
                  "type": "array",
                  "items": {
                    "type": "string"
                  }
                },
                "promotion_details": {
                  "type": "array",
                  "items": {
                    "type": "string"
                  }
                },
                "published_at": {
                  "type": "string"
                },
                "created_by": {
                  "type": "string"
                },
                "updated_by": {
                  "type": "string"
                }
              }
            }
          },
          "published_at": {
            "type": "string",
            "format": "date-time"
          }
        }
      },
      "NewMenu-category": {
        "properties": {
          "Name": {
            "type": "string"
          },
          "IsActive": {
            "type": "boolean"
          },
          "stores": {
            "type": "array",
            "items": {
              "type": "string"
            }
          },
          "products": {
            "type": "array",
            "items": {
              "type": "string"
            }
          },
          "IsDisplayable": {
            "type": "boolean",
            "default": false
          },
          "delivery_days": {
            "type": "array",
            "items": {
              "type": "string"
            }
          },
          "price": {
            "type": "number"
          },
          "pricey": {
            "type": "number"
          },
          "promotions": {
            "type": "array",
            "items": {
              "type": "string"
            }
          },
          "published_at": {
            "type": "string",
            "format": "date-time"
          },
          "created_by": {
            "type": "string"
          },
          "updated_by": {
            "type": "string"
          }
        }
      }
    }
  },
  "tags": []
}