{
  "routes": [
    {
      "method": "GET",
      "path": "/reviews",
      "handler": "reviews.find",
      "config": {
        "policies": []
      }
    },
    {
      "method": "GET",
      "path": "/reviews/count",
      "handler": "reviews.count",
      "config": {
        "policies": []
      }
    },
    {
      "method": "GET",
      "path": "/reviews/:id",
      "handler": "reviews.findOne",
      "config": {
        "policies": []
      }
    },
    {
      "method": "POST",
      "path": "/reviews",
      "handler": "reviews.create",
      "config": {
        "policies": []
      }
    },
    {
      "method": "PUT",
      "path": "/reviews/:id",
      "handler": "reviews.update",
      "config": {
        "policies": []
      }
    },
    {
      "method": "DELETE",
      "path": "/reviews/:id",
      "handler": "reviews.delete",
      "config": {
        "policies": []
      }
    }
  ]
}
