{
  "paths": {
    "/order-histories": {
      "get": {
        "deprecated": false,
        "description": "",
        "responses": {
          "200": {
            "description": "response",
            "content": {
              "application/json": {
                "schema": {
                  "properties": {
                    "foo": {
                      "type": "string"
                    }
                  }
                }
              }
            }
          },
          "403": {
            "description": "Forbidden",
            "content": {
              "application/json": {
                "schema": {
                  "$ref": "#/components/schemas/Error"
                }
              }
            }
          },
          "404": {
            "description": "Not found",
            "content": {
              "application/json": {
                "schema": {
                  "$ref": "#/components/schemas/Error"
                }
              }
            }
          },
          "default": {
            "description": "unexpected error",
            "content": {
              "application/json": {
                "schema": {
                  "$ref": "#/components/schemas/Error"
                }
              }
            }
          }
        },
        "summary": "",
        "tags": [
          "Order-history"
        ],
        "parameters": [
          {
            "name": "_limit",
            "in": "query",
            "required": false,
            "description": "Maximum number of results possible",
            "schema": {
              "type": "integer"
            },
            "deprecated": false
          },
          {
            "name": "_sort",
            "in": "query",
            "required": false,
            "description": "Sort according to a specific field.",
            "schema": {
              "type": "string"
            },
            "deprecated": false
          },
          {
            "name": "_start",
            "in": "query",
            "required": false,
            "description": "Skip a specific number of entries (especially useful for pagination)",
            "schema": {
              "type": "integer"
            },
            "deprecated": false
          },
          {
            "name": "=",
            "in": "query",
            "required": false,
            "description": "Get entries that matches exactly your input",
            "schema": {
              "type": "string"
            },
            "deprecated": false
          },
          {
            "name": "_ne",
            "in": "query",
            "required": false,
            "description": "Get records that are not equals to something",
            "schema": {
              "type": "string"
            },
            "deprecated": false
          },
          {
            "name": "_lt",
            "in": "query",
            "required": false,
            "description": "Get record that are lower than a value",
            "schema": {
              "type": "string"
            },
            "deprecated": false
          },
          {
            "name": "_lte",
            "in": "query",
            "required": false,
            "description": "Get records that are lower than or equal to a value",
            "schema": {
              "type": "string"
            },
            "deprecated": false
          },
          {
            "name": "_gt",
            "in": "query",
            "required": false,
            "description": "Get records that are greater than a value",
            "schema": {
              "type": "string"
            },
            "deprecated": false
          },
          {
            "name": "_gte",
            "in": "query",
            "required": false,
            "description": "Get records that are greater than  or equal a value",
            "schema": {
              "type": "string"
            },
            "deprecated": false
          },
          {
            "name": "_contains",
            "in": "query",
            "required": false,
            "description": "Get records that contains a value",
            "schema": {
              "type": "string"
            },
            "deprecated": false
          },
          {
            "name": "_containss",
            "in": "query",
            "required": false,
            "description": "Get records that contains (case sensitive) a value",
            "schema": {
              "type": "string"
            },
            "deprecated": false
          },
          {
            "name": "_in",
            "in": "query",
            "required": false,
            "description": "Get records that matches any value in the array of values",
            "schema": {
              "type": "array",
              "items": {
                "type": "string"
              }
            },
            "deprecated": false
          },
          {
            "name": "_nin",
            "in": "query",
            "required": false,
            "description": "Get records that doesn't match any value in the array of values",
            "schema": {
              "type": "array",
              "items": {
                "type": "string"
              }
            },
            "deprecated": false
          }
        ]
      },
      "post": {
        "deprecated": false,
        "description": "Create a new record",
        "responses": {
          "200": {
            "description": "response",
            "content": {
              "application/json": {
                "schema": {
                  "properties": {
                    "foo": {
                      "type": "string"
                    }
                  }
                }
              }
            }
          },
          "403": {
            "description": "Forbidden",
            "content": {
              "application/json": {
                "schema": {
                  "$ref": "#/components/schemas/Error"
                }
              }
            }
          },
          "404": {
            "description": "Not found",
            "content": {
              "application/json": {
                "schema": {
                  "$ref": "#/components/schemas/Error"
                }
              }
            }
          },
          "default": {
            "description": "unexpected error",
            "content": {
              "application/json": {
                "schema": {
                  "$ref": "#/components/schemas/Error"
                }
              }
            }
          }
        },
        "summary": "",
        "tags": [
          "Order-history"
        ],
        "requestBody": {
          "description": "",
          "required": true,
          "content": {
            "application/json": {
              "schema": {
                "$ref": "#/components/schemas/NewOrder-history"
              }
            }
          }
        }
      }
    },
    "/order-histories/count": {
      "get": {
        "deprecated": false,
        "description": "",
        "responses": {
          "200": {
            "description": "response",
            "content": {
              "application/json": {
                "schema": {
                  "properties": {
                    "foo": {
                      "type": "string"
                    }
                  }
                }
              }
            }
          },
          "403": {
            "description": "Forbidden",
            "content": {
              "application/json": {
                "schema": {
                  "$ref": "#/components/schemas/Error"
                }
              }
            }
          },
          "404": {
            "description": "Not found",
            "content": {
              "application/json": {
                "schema": {
                  "$ref": "#/components/schemas/Error"
                }
              }
            }
          },
          "default": {
            "description": "unexpected error",
            "content": {
              "application/json": {
                "schema": {
                  "$ref": "#/components/schemas/Error"
                }
              }
            }
          }
        },
        "summary": "",
        "tags": [
          "Order-history"
        ],
        "parameters": []
      }
    },
    "/order-histories/{id}": {
      "get": {
        "deprecated": false,
        "description": "",
        "responses": {
          "200": {
            "description": "response",
            "content": {
              "application/json": {
                "schema": {
                  "properties": {
                    "foo": {
                      "type": "string"
                    }
                  }
                }
              }
            }
          },
          "403": {
            "description": "Forbidden",
            "content": {
              "application/json": {
                "schema": {
                  "$ref": "#/components/schemas/Error"
                }
              }
            }
          },
          "404": {
            "description": "Not found",
            "content": {
              "application/json": {
                "schema": {
                  "$ref": "#/components/schemas/Error"
                }
              }
            }
          },
          "default": {
            "description": "unexpected error",
            "content": {
              "application/json": {
                "schema": {
                  "$ref": "#/components/schemas/Error"
                }
              }
            }
          }
        },
        "summary": "",
        "tags": [
          "Order-history"
        ],
        "parameters": [
          {
            "name": "id",
            "in": "path",
            "description": "",
            "deprecated": false,
            "required": true,
            "schema": {
              "type": "string"
            }
          }
        ]
      },
      "put": {
        "deprecated": false,
        "description": "Update a record",
        "responses": {
          "200": {
            "description": "response",
            "content": {
              "application/json": {
                "schema": {
                  "properties": {
                    "foo": {
                      "type": "string"
                    }
                  }
                }
              }
            }
          },
          "403": {
            "description": "Forbidden",
            "content": {
              "application/json": {
                "schema": {
                  "$ref": "#/components/schemas/Error"
                }
              }
            }
          },
          "404": {
            "description": "Not found",
            "content": {
              "application/json": {
                "schema": {
                  "$ref": "#/components/schemas/Error"
                }
              }
            }
          },
          "default": {
            "description": "unexpected error",
            "content": {
              "application/json": {
                "schema": {
                  "$ref": "#/components/schemas/Error"
                }
              }
            }
          }
        },
        "summary": "",
        "tags": [
          "Order-history"
        ],
        "requestBody": {
          "description": "",
          "required": true,
          "content": {
            "application/json": {
              "schema": {
                "$ref": "#/components/schemas/NewOrder-history"
              }
            }
          }
        },
        "parameters": [
          {
            "name": "id",
            "in": "path",
            "description": "",
            "deprecated": false,
            "required": true,
            "schema": {
              "type": "string"
            }
          }
        ]
      },
      "delete": {
        "deprecated": false,
        "description": "Delete a record",
        "responses": {
          "200": {
            "description": "deletes a single record based on the ID supplied",
            "content": {
              "application/json": {
                "schema": {
                  "type": "integer",
                  "format": "int64"
                }
              }
            }
          },
          "403": {
            "description": "Forbidden",
            "content": {
              "application/json": {
                "schema": {
                  "$ref": "#/components/schemas/Error"
                }
              }
            }
          },
          "404": {
            "description": "Not found",
            "content": {
              "application/json": {
                "schema": {
                  "$ref": "#/components/schemas/Error"
                }
              }
            }
          },
          "default": {
            "description": "unexpected error",
            "content": {
              "application/json": {
                "schema": {
                  "$ref": "#/components/schemas/Error"
                }
              }
            }
          }
        },
        "summary": "",
        "tags": [
          "Order-history"
        ],
        "parameters": [
          {
            "name": "id",
            "in": "path",
            "description": "",
            "deprecated": false,
            "required": true,
            "schema": {
              "type": "string"
            }
          }
        ]
      }
    }
  },
  "components": {
    "schemas": {
      "Order-history": {
        "required": [
          "id"
        ],
        "properties": {
          "id": {
            "type": "string"
          },
          "OrderName": {
            "type": "string"
          },
          "order": {
            "required": [
              "id"
            ],
            "properties": {
              "id": {
                "type": "string"
              },
              "store": {
                "type": "string"
              },
              "customer": {
                "type": "string"
              },
              "delivery_date": {
                "type": "string"
              },
              "name": {
                "type": "string"
              },
              "deliver_types": {
                "type": "array",
                "items": {
                  "type": "string"
                }
              },
              "Weekly_needed": {
                "type": "boolean"
              },
              "total_amount": {
                "type": "number"
              },
              "disocunt": {
                "type": "number"
              },
              "order_details": {
                "type": "array",
                "items": {
                  "type": "string"
                }
              },
              "discount_code": {
                "type": "string"
              },
              "quantity": {
                "type": "integer"
              },
              "order_statuses": {
                "type": "array",
                "items": {
                  "type": "string"
                }
              },
              "order_histories": {
                "type": "array",
                "items": {
                  "type": "string"
                }
              },
              "published_at": {
                "type": "string"
              },
              "created_by": {
                "type": "string"
              },
              "updated_by": {
                "type": "string"
              }
            }
          },
          "order_statuses": {
            "type": "array",
            "items": {
              "required": [
                "id"
              ],
              "properties": {
                "id": {
                  "type": "string"
                },
                "Name": {
                  "type": "string"
                },
                "IsActive": {
                  "type": "boolean"
                },
                "published_at": {
                  "type": "string"
                },
                "created_by": {
                  "type": "string"
                },
                "updated_by": {
                  "type": "string"
                }
              }
            }
          },
          "payment_status": {
            "type": "string"
          },
          "published_at": {
            "type": "string",
            "format": "date-time"
          }
        }
      },
      "NewOrder-history": {
        "properties": {
          "OrderName": {
            "type": "string"
          },
          "order": {
            "type": "string"
          },
          "order_statuses": {
            "type": "array",
            "items": {
              "type": "string"
            }
          },
          "payment_status": {
            "type": "string"
          },
          "published_at": {
            "type": "string",
            "format": "date-time"
          },
          "created_by": {
            "type": "string"
          },
          "updated_by": {
            "type": "string"
          }
        }
      }
    }
  },
  "tags": []
}