{
  "routes": [
    {
      "method": "GET",
      "path": "/menu-categories",
      "handler": "menu-category.find",
      "config": {
        "policies": []
      }
    },
    {
      "method": "GET",
      "path": "/menu-categories/count",
      "handler": "menu-category.count",
      "config": {
        "policies": []
      }
    },
    {
      "method": "GET",
      "path": "/menu-categories/:id",
      "handler": "menu-category.findOne",
      "config": {
        "policies": []
      }
    },
    {
      "method": "POST",
      "path": "/menu-categories",
      "handler": "menu-category.create",
      "config": {
        "policies": []
      }
    },
    {
      "method": "PUT",
      "path": "/menu-categories/:id",
      "handler": "menu-category.update",
      "config": {
        "policies": []
      }
    },
    {
      "method": "DELETE",
      "path": "/menu-categories/:id",
      "handler": "menu-category.delete",
      "config": {
        "policies": []
      }
    }
  ]
}
