{
  "routes": [
    {
      "method": "GET",
      "path": "/order-histories",
      "handler": "order-history.find",
      "config": {
        "policies": []
      }
    },
    {
      "method": "GET",
      "path": "/order-histories/count",
      "handler": "order-history.count",
      "config": {
        "policies": []
      }
    },
    {
      "method": "GET",
      "path": "/order-histories/:id",
      "handler": "order-history.findOne",
      "config": {
        "policies": []
      }
    },
    {
      "method": "POST",
      "path": "/order-histories",
      "handler": "order-history.create",
      "config": {
        "policies": []
      }
    },
    {
      "method": "PUT",
      "path": "/order-histories/:id",
      "handler": "order-history.update",
      "config": {
        "policies": []
      }
    },
    {
      "method": "DELETE",
      "path": "/order-histories/:id",
      "handler": "order-history.delete",
      "config": {
        "policies": []
      }
    }
  ]
}
