{
  "routes": [
    {
      "method": "GET",
      "path": "/states",
      "handler": "state.find",
      "config": {
        "policies": []
      }
    },
    {
      "method": "GET",
      "path": "/states/count",
      "handler": "state.count",
      "config": {
        "policies": []
      }
    },
    {
      "method": "GET",
      "path": "/states/:id",
      "handler": "state.findOne",
      "config": {
        "policies": []
      }
    },
    {
      "method": "POST",
      "path": "/states",
      "handler": "state.create",
      "config": {
        "policies": []
      }
    },
    {
      "method": "PUT",
      "path": "/states/:id",
      "handler": "state.update",
      "config": {
        "policies": []
      }
    },
    {
      "method": "DELETE",
      "path": "/states/:id",
      "handler": "state.delete",
      "config": {
        "policies": []
      }
    }
  ]
}
